variable,min,max
ff_max,0.0,27.0
ffm,0.0,8.15385
tmax,-6.2,36.3
tmin,-19.7,17.4
tm,-11.9,26.3
umax,24.0,100.0
umin,7.0,94.0
td_m,-16.06,9.1
ewsm,2.47438,42.2721
rrr24,0.0,53.0
